[
{"id":"0","img":"img/htc-10-global-whitesilver-front-buy.png","p":"HTC 10","a":"立即购买","ai":""},
{"id":"1","img":"img/htc-one-a9-cn-slide-01-listing-cn.png","p":"HTC One A9","a":"立即购买","ai":""},
{"id":"2","img":"img/htc-one-x9-listing-cn.png","p":"HTC One X9","a":"立即购买","ai":""},
{"id":"3","img":"img/htc-desire-728-cn-global-white-luxury-2v-listing.png","p":"HTC Desire 728 dual sim","a":"立即购买","ai":""},
{"id":"4","img":"img/Vive-VTwo-Family-Dynamic.png","p":"HTC Vive","a":"立即购买","ai":""},
{"id":"5","img":"img/accessories-buy.png","p":"时尚配件","a":"详细了解您的HTC智能手机","ai":"[HTC 配件]"}]