[
{"id":"0","p":"全部产品","a1":"HTC 智能手机","a2":"HTC 如影","a3":"HTC 配件","a4":"缐下門店","a5":"","a6":""},
{"id":"1","p":"HTC Club","a1":"官方社区","a2":"","a3":"","a4":"","a5":"","a6":""},
{"id":"2","p":"创新","a1":"创新","a2":"UltraPixal 摄像头","a3":"HTC 迁移","a4":"HTC Connect","a5":"","a6":""},
{"id":"3","p":"官方商城","a1":"全部手机","a2":"配件专区","a3":"售后服务","a4":"","a5":"","a6":""},
{"id":"4","p":"关于 HTC","a1":"新闻稿","a2":"公司概览","a3":"管理层","a4":"企业责任","a5":"","a6":""},
{"id":"5","p":"活动专区","a1":"进行中的活动","a2":"","a3":"","a4":"","a5":"","a6":""},
{"id":"6","p":"网络","a1":"HTC Vive官方网站","a2":"HTC Blog","a3":"HTC Dev","a4":"HTC Pro","a5":"HTC Research","a6":"Get Started"},
{"id":"7","p":"技术支持","a1":"软件下载","a2":"产品保固说明","a3":"客户服务中心","a4":"中国-香港维修注册","a5":"客服自助平台","a6":""},
{"id":"8","p":"人才招募","a1":"加入我们","a2":"","a3":"","a4":"","a5":"","a6":""}]