[{
"id":"0",
"left":["_智能手机","_相机","_VIVE","_配件"],
"right":[{"img":"img/M10u.png","h2":"HTC 10","p":"十力觉醒"},
        {"img":"img/htc-aero-global-opal-silver-2v-listing.png","h2":"HTC One A9","p":"不从众 才出众"},
        {"img":"img/recamera-story.png","h2":"HTC 如影(RE)","p":"引人注目的小相机"}]},
{
"id":"1",
"a":"查看更多商品",
"bot":[{"img":"img/D10w.png","p":"HTC Desire 10 Pro"},
        {"img":"img/M10h-A(246).png","p":"HTC 10"},
        {"img":"img/M10u-A(246).png","p":"HTC 10 lifestyle"}]},

{
    "id":"2",
    "a":"查看更多配件",
    "bot":[{"img":"img/IVC100-A(246).png","p":"冰感智能立显保护套"},
            {"img":"img/QC3w-A(246).png","p":"Quick Charge3.0充电器"},
            {"img":"img/x9dvc-A(246).png","p":"X9第二代智能立显保护套"}]},
{
    "id":"3",
    "stair":["大家都在买","Desire 10 Pro","HTC 10","HTC 10 lifestyle"],
    "two":[ {"img":"img/M9ew-A(50).png","p":"Desire 10 Pro"},
            {"img":"img/M9ew-A(50).png","p":"HTC 10"},
            {"img":"img/M9ew-A(50).png","p":"HTC 10 lifestyle"},
            {"img":"","p":"查看全部"}]},
{
    "id":"4",
    "stair":["金属设计","One M9ew","One M9et","One M9pw","One M9pt"],
    "two":[{"img":"img/a9w-A(50) (1).png","p":"One M9ew"},
            {"img":"img/a9w-A(50) (1).png","p":"One M9et"},
            {"img":"img/a9w-A(50) (1).png","p":"One M9pw"},
            {"img":"img/a9w-A(50) (1).png","p":"One M9pt"},
            {"img":"","p":"查看全部"}]},
{
    "id":"5",
    "stair":["简约设计","Desire 728","Desire 828","One E9pt","One E9w"],
    "two":[{"img":"img/E9w-A(50).png","p":"Desire 728"},
            {"img":"img/E9w-A(50).png","p":"Desire 828"},
            {"img":"img/E9w-A(50).png","p":"One E9pt"},
            {"img":"img/E9w-A(50).png","p":"One E9w"},
            {"img":"","p":"查看全部"}]},
{
    "id":"6",
    "stair":["时尚配件","Max310音效耳机","QC 3.0适配器","冰感智能立显保护套"],
    "two":[{"img":"img/Max310-A(50).png","p":"Max310音效耳机"},
            {"img":"img/P5000-A(50).png","p":"QC 3.0适配器"},
            {"img":"img/IVC100-A(50).png","p":"冰感智能立显保护套"},
            {"img":"img/pk1000-A(50).png","p":"多功能支架"},
            {"img":"","p":"查看全部"}]},
{
    "id":"7",
    "img":["img/11.1101.jpg","img/11.1102.jpg","img/11.1103.jpg"]},
{
    "id":"8",
    "ul1":[{"p":"HTC One X9 移动联通双4G公开版","h3":"管家式云端长效节电技术 3GB RAM+32GB ROM","a":"￥2199","img":"img/x9u.png"},
            {"p":"HTC One A9 移动联通双4G公开版","h3":"支持VoLET、4G+及快速充电3.0和云端智能省电技术","a":"￥2499","img":"img/a9w_32.png"},
            {"p":"HTC 如影(Re)相机","h3":"16mp DSC 感应器,1080p 30fps 高清视频","a":"￥999","img":"img/re.png"},
            {"p":"HTC Desire 10 Pro 移动联通电信六抹全网通 双卡双待","h3":"全网通 4G+VoLTE高清通话 150°自拍","a":"￥2599 11.04开启预约","img":"img/D10w (1).png"},
            {"p":"HTC 10 联通公开版","h3":"前后相机 双光学防抖 双大像素 双F1.8大光圈","a":"￥4999","img":"img/D10w-A(246) (1).png"},
            {"p":"HTC 10 lifestyle 公开版","h3":"前后相机 双光学防抖 双大像素 双F1.8大光圈","a":"￥3799","img":"img/M10u-A(246) (1).png"},
            {"p":"HTC One X9 移动联通双4G公开版","h3":"管家式云端长效节电技术 3GB RAM+32GB ROM","a":"￥2199","img":"img/x9u.png"},
            {"p":"HTC One A9 移动联通双4G公开版","h3":"支持VoLET、4G+及快速充电3.0和云端智能省电技术","a":"￥2499","img":"img/a9w_32.png"},
            {"p":"HTC 如影(Re)相机","h3":"16mp DSC 感应器,1080p 30fps 高清视频","a":"￥999","img":"img/re.png"},
            {"p":"HTC Desire 10 Pro 移动联通电信六抹全网通 双卡双待","h3":"全网通 4G+VoLTE高清通话 150°自拍","a":"￥2599 11.04开启预约","img":"img/D10w (1).png"},
            {"p":"HTC 10 联通公开版","h3":"前后相机 双光学防抖 双大像素 双F1.8大光圈","a":"￥4999","img":"img/D10w-A(246) (1).png"},
            {"p":"HTC 10 lifestyle 公开版","h3":"前后相机 双光学防抖 双大像素 双F1.8大光圈","a":"￥3799","img":"img/M10u-A(246) (1).png"}]},
{
    "id":"9",
    "p":"夜拍更清晰的自拍神器",
    "img":["img/kxj_zuo55.jpg","img/kxj_youshang55.jpg","img/kxj_youxia55.jpg"]},
{
    "id":"10",
    "h3":["金属设计","简约设计","时尚配件"],
    "meatl":[{"p":"HTC One ME 双网公开版(移动及联通全网络)","a":"￥1,688","span":"￥1,999","img":"img/E9pt-A(246).png"},
             {"p":"HTC One ME 4G 移动定制版(双卡双待)","a":"活动价：","span":"￥1,899.00","img":"img/M9pt-A(246) (1).png"},
             {"p":"HTC One M9+公开版(移动及联通全网通)","a":"活动价：","span":"￥2,999.00","img":"img/m9pw-A(246) (1).png"},
             {"p":"HTC One M9+移动定制版(含金爵卡)","a":"￥2,899","span":"￥3,899","img":"img/M9et-A(246).png"}],
    "brier":[{"p":"HTC Desire 728 双网公开版","a":"活动价：","span":"￥999,00","img":"img/D728w-A(246) (1).png"},
             {"p":"HTC Desire 828 双网公开版","a":"活动价：","span":"￥1,599.00","img":"img/D828w-A(246) (1).png"},
             {"p":"HTC One E9+ 4G 移动定制版（双卡双待）","a":"活动价：","span":"￥1,699.00","img":"img/E9pt-A(246) (1).png"},
             {"p":"HTC One E9 双网公开版","a":"￥2,899","span":"￥1,299,00","img":"img/E9w-A(246) (1).png"}],
    "fad":[{"p":"HTC 耳蜗音效耳机MAX310","a":"活动价：","span":"￥139,00","img":"img/Max310-A(246).png"},
             {"p":"QC 3.0适配器（QC3.0 A/C + Mirco USB cable）","a":"活动价：","span":"￥199.00","img":"img/P5000-A(246).png"},
             {"p":"冰感智能立显保护套","a":"活动价：","span":"￥299.00","img":"img/IVC100-A(246) (1).png"},
             {"p":"HTC 如影(Re)多功能便捷支架","a":"￥2,899","span":"￥69,00","img":"img/pk1000-A(246).png"}]},
{
    "id":"11",
    "p":["购物指南","配送政策","售后服务","关注HTC"],
    "a1":["购物流程","会员说明","订单状态","支付方式","常见问题"],
    "a2":["运费说明","包装说明","验收与拒收说明","配送时效"],
    "a3":["退换货政策","退换货流程","退款说明","发票说明","联系服务"],
    "a4":[{"img":"img/qr_code_cn (1).jpg","p":"友情链接"}]}           
]   