[{
	"id":"0",
	"tal":[{"img":"img/whole.png","p":"全部手机"},
		   {"img":"img/m8.png","p":"One系列"},
		   {"img":"img/pink-blue.png","p":"Desire系列"},
		   {"img":"img/wp8_01.png","p":"经典回顾"}]},
{
	"id":"1",
	"p":["屏幕尺寸","网络制式","摄像头","价格"],
	"ul1":["5.5英寸","5.2英寸","5.0英寸"],
	"ul2":["4G LTE","双卡双待"],
	"ul3":["200万","200万像素+200万像素双镜头","1300万"],
	"ul4":["￥5000-￥4000","￥4000-￥3000","￥3000-￥2000","￥2000-￥1000","￥1000-￥500","100以下"]},
{
	"id":"2",
	"p":["HTC One系列","HTC Desire系列"],
	"center":[{"h2":"HTC 10 联通公开版","a":"￥4,999.00","h3":"比较手机","img":"img/tatal/M10h-A(246).png"},
			  {"h2":"HTC 10 lifestyle 公开版 ","a":"￥3,799.00","h3":"比较手机","img":"img/tatal/M10u-A(246).png"},
			  {"h2":"HTC One X9 移动联通双4G公开版 32G ","a":"￥2,999.00","h3":"比较手机","img":"img/tatal/X9u-A(246).png"},
			  {"h2":"HTC One A9 移动联通双4G公开","a":"￥2,899.00","h3":"比较手机","img":"img/tatal/a9w-A(246).png"},
			  {"h2":"HTC One M9+公开版 (移动及联通全网络)","a":"￥1,688.00","h3":"比较手机","img":"img/tatal/m9pw-A(246).png"},
			  {"h2":"HTC One M9+ 移动定制版(含金爵卡) ","a":"￥1,899.00","h3":"比较手机","img":"img/tatal/M9pt-A(246).png"},
			  {"h2":"HTC One ME 双网公开版(移动及联通全网络) ","a":"￥1,699.00","h3":"比较手机","img":"img/tatal/E9pt-A(246).png"},
			  {"h2":"HTC One ME 4G 移动定制版 (双卡双待) ","a":"￥1,899.00","h3":"比较手机","img":"img/tatal/M9et-A(246).png"},
			  {"h2":"HTC One E9+ 4G 移动定制版（双卡双待） ","a":"￥1,699.00","h3":"比较手机","img":"img/tatal/M9ew-A(246).png"},
			  {"h2":"HTC One E9 双网公开版","a":"￥1,299.00","h3":"比较手机","img":"img/tatal/E9w-A(246).png"}],
	"bot":[{"h2":"HTC Desire 10 pro 移动联通电信六模全网通 双卡双待","a":"￥2,599.00","h3":"比较手机","img":"img/tatal/D10w-A(246).png"},
			  {"h2":"HTC Desire 830 公开版（支持中国移动4G网络及中国联通4G网络 双卡双待）","a":"￥1,499.00","h3":"比较手机","img":"img/tatal/D830u-A(246).png"},
			  {"h2":"HTC Desire 828 双网公开版 ","a":"￥1,599.00","h3":"比较手机","img":"img/tatal/D728w-A(246).png"},
			  {"h2":"HTC Desire 728 双网公开版 ","a":"￥999.00","h3":"比较手机","img":"img/tatal/D828w-A(246).png"}]
}	
]